{
  "name":"AsyncWebServer_WT32_ETH01",
  "version": "1.4.1",
  "description":"Asynchronous HTTP and WebSocket Server Library for WT32_ETH01 (ESP32 + LAN8720)",
  "keywords":"http, async, async-webserver, websocket, webserver, esp32, wt32-eth01, lan8720, lan8720a",
  "authors": 
  [
    {
      "name": "Hristo Gochkov",
      "url":   "https://github.com/me-no-dev"
    },
    {
      "name":  "Khoi Hoang",
      "url":   "https://github.com/khoih-prog",
      "email": "khoih.prog@gmail.com",
      "maintainer": true
    }  
  ],
  "repository":
  {
    "type": "git",
    "url": "https://github.com/khoih-prog/AsyncWebServer_WT32_ETH01"
  },
  "license": "LGPL-3.0",
  "frameworks": "arduino",
  "dependencies": 
  [
    {
      "owner": "me-no-dev",
      "name": "AsyncTCP",
      "version": "^1.1.1",
      "platforms": "espressif32"
    }
  ],
  "platforms": ["espressif32"],
  "examples": "examples/*/*/*.ino",
  "headers": "AsyncWebServer_WT32_ETH01.h"
}
